"Name","Team","G","AB","PA","H","1B","2B","3B","HR","R","RBI","BB","IBB","SO","HBP","SF","SH","GDP","SB","CS","AVG","playerid"
"Jerry Sands","Indians","1","1","2","1","0","0","0","1","1","2","1","0","0","0","0","0","0","0","0","1.000","4016"
"Mike Pelfrey","Twins","1","2","2","2","2","0","0","0","0","0","0","0","0","0","0","0","0","0","0","1.000","5203"
"Trevor Cahill","Cubs","1","1","1","1","1","0","0","0","0","0","0","0","0","0","0","0","0","0","0","1.000","6249"
"Chris Denorfia","Cubs","4","6","7","4","4","0","0","0","0","1","1","0","2","0","0","0","0","0","0",".667","4400"
"Steve Clevenger","Orioles","2","7","7","4","4","0","0","0","1","1","0","0","1","0","0","0","1","0","0",".571","9542"
"Jeff Samardzija","White Sox","1","2","2","1","1","0","0","0","0","0","0","0","1","0","0","0","0","0","0",".500","3254"
"Hector Sanchez","Giants","5","4","4","2","1","1","0","0","0","0","0","0","1","0","0","0","0","0","0",".500","10289"
"Oswaldo Arcia","Twins","2","6","7","3","3","0","0","0","1","1","0","0","2","1","0","0","0","0","0",".500","10306"
"Sammy Solis","Nationals","2","2","2","1","1","0","0","0","0","0","0","0","0","0","0","0","0","0","0",".500","11457"
"Mike Wright","Orioles","1","2","3","1","1","0","0","0","0","0","0","0","1","0","0","1","0","0","0",".500","12586"
"Jeremy Hellickson","Diamondbacks","6","11","12","5","5","0","0","0","1","2","0","0","2","0","1","0","0","0","0",".455","4371"
"Shane Victorino","Angels","8","20","23","9","7","1","0","1","3","1","3","0","2","0","0","0","0","1","0",".450","1677"
"Noah Syndergaard","Mets","4","9","10","4","3","0","0","1","1","1","0","0","4","0","0","1","0","0","0",".444","11762"
"Yonder Alonso","Padres","5","14","18","6","4","2","0","0","3","2","3","0","2","1","0","0","1","0","0",".429","2530"
"Jason Kipnis","Indians","29","119","143","51","29","15","3","4","30","17","16","2","17","5","1","2","0","3","4",".429","9776"
"Phil Gosselin","Diamondbacks","10","21","22","9","6","3","0","0","1","0","1","0","2","0","0","0","0","1","0",".429","10953"
"Jacob deGrom","Mets","5","12","13","5","5","0","0","0","1","1","0","0","1","0","0","1","1","0","0",".417","10954"
"Mat Latos","Angels","4","5","8","2","2","0","0","0","0","0","0","0","2","0","0","3","0","0","0",".400","3815"
"Johnny Cueto","Royals","2","5","5","2","2","0","0","0","1","0","0","0","1","0","0","0","0","0","0",".400","6893"
"Tanner Roark","Nationals","3","5","5","2","1","1","0","0","0","0","0","0","2","0","0","0","0","0","0",".400","8753"
"Prince Fielder","Rangers","30","122","135","46","30","7","0","9","18","28","8","1","16","4","1","0","4","0","0",".377","4613"
"Francisco Cervelli","Pirates","22","77","88","29","24","4","0","1","11","9","10","0","14","1","0","0","1","0","0",".377","5275"
"Yasmani Grandal","Dodgers","18","56","69","21","13","4","0","4","9","18","12","0","11","0","1","0","1","0","0",".375","11368"
"David Murphy","Angels","25","62","69","23","19","3","0","1","6","12","5","0","6","0","1","1","1","0","1",".371","6035"
"David DeJesus","Angels","26","76","81","28","20","4","0","4","9","11","4","0","10","1","0","0","1","1","1",".368","1825"
"Chris Colabello","Blue Jays","25","95","103","35","24","7","0","4","15","14","8","0","26","0","0","0","3","1","0",".368","13051"
"Kennys Vargas","Twins","12","41","43","15","11","2","0","2","9","6","2","0","9","0","0","0","2","0","0",".366","12101"
"Paul Goldschmidt","Diamondbacks","28","104","126","38","19","8","1","10","21","23","22","9","25","0","0","0","3","3","3",".365","9218"
"Brandon Guyer","Rays","24","66","69","24","19","4","0","1","11","6","2","0","8","1","0","0","0","3","1",".364","2636"
"Hanser Alberto","Rangers","3","11","12","4","3","0","1","0","2","3","0","0","1","0","0","1","0","0","0",".364","11902"
"Bryce Harper","Nationals","26","86","109","31","13","4","1","13","24","28","22","1","17","1","0","0","4","2","1",".360","11579"
"Jeff Francoeur","Phillies","20","42","45","15","10","3","1","1","5","9","1","0","7","0","2","0","4","0","0",".357","4792"
"Slade Heathcott","Yankees","6","17","18","6","4","1","0","1","3","3","0","0","3","0","0","0","0","0","0",".353","10336"
"Dee Gordon","Marlins","26","114","122","40","34","5","1","0","18","3","7","2","18","1","0","0","0","12","1",".351","8203"
"Ben Paulsen","Rockies","13","40","44","14","8","3","0","3","6","8","4","0","8","0","0","0","0","0","0",".350","9741"
"Nelson Cruz","Mariners","28","107","118","37","25","4","0","8","18","16","10","2","34","1","0","0","0","0","1",".346","2434"
"Jose Reyes","Rockies","6","29","29","10","6","4","0","0","3","3","0","0","6","0","0","0","0","1","0",".345","1736"
"Justin Upton","Padres","29","108","122","37","27","4","0","6","19","23","13","2","28","1","0","0","1","9","0",".343","5222"
"Brandon Crawford","Giants","29","106","114","36","23","9","1","3","17","23","5","1","21","3","0","0","0","2","1",".340","5343"
"Brandon Belt","Giants","29","109","121","37","16","13","1","7","23","17","11","1","30","1","0","0","1","0","2",".339","10264"
"Kyle Blanks","Rangers","14","56","60","19","12","4","0","3","10","6","4","0","16","0","0","0","1","1","0",".339","49"
"Torii Hunter","Twins","25","99","110","33","22","5","0","6","19","25","10","1","18","0","1","0","3","0","1",".333","731"
"Gregor Blanco","Giants","22","54","60","18","10","7","0","1","14","6","5","0","15","0","1","0","1","2","1",".333","3123"
"C.J. Wilson","Angels","1","3","3","1","1","0","0","0","0","0","0","0","0","0","0","0","0","0","0",".333","3580"
"Ryan Hanigan","Red Sox","1","3","3","1","0","1","0","0","0","0","0","0","0","0","0","0","0","0","0",".333","4952"
"Henderson Alvarez","Marlins","2","3","3","1","1","0","0","0","0","1","0","0","0","0","0","0","0","0","0",".333","5669"
"Avisail Garcia","White Sox","23","87","92","29","22","4","0","3","9","14","5","0","18","0","0","0","2","0","2",".333","5760"
"Vance Worley","Pirates","5","6","6","2","1","1","0","0","1","0","0","0","2","0","0","0","0","0","0",".333","6435"
"Michael Blazek","Brewers","3","3","3","1","0","1","0","0","0","1","0","0","2","0","0","0","0","0","0",".333","9654"
"Taylor Jordan","Nationals","1","3","3","1","1","0","0","0","0","0","0","0","0","0","0","0","0","0","0",".333","10466"
"Austin Barnes","Dodgers","4","3","3","1","1","0","0","0","0","0","0","0","1","0","0","0","0","0","0",".333","12158"
"Alex Wood","Dodgers","4","9","9","3","3","0","0","0","0","1","0","0","4","0","0","0","1","0","0",".333","13781"
"Wilmer Difo","Nationals","3","3","3","1","1","0","0","0","0","0","0","0","0","0","0","0","0","0","0",".333","14320"
"Andrew McCutchen","Pirates","28","106","124","35","20","10","0","5","16","17","14","2","15","3","1","0","2","3","1",".330","9847"
"Daniel Murphy","Mets","28","103","111","34","27","6","0","1","6","12","7","2","9","1","0","0","4","1","1",".330","4316"
"Joey Butler","Rays","23","73","77","24","15","6","0","3","9","8","2","0","24","2","0","0","3","0","1",".329","7799"
"Jacoby Ellsbury","Yankees","17","64","74","21","19","2","0","0","13","3","9","0","9","1","0","0","0","6","1",".328","4727"
"Billy Burns","Athletics","27","110","118","36","29","4","1","2","17","3","6","0","17","2","0","0","1","9","2",".327","12701"
"Todd Frazier","Reds","27","101","113","33","16","7","1","9","17","15","9","0","21","3","0","0","3","3","1",".327","785"
"Russell Martin","Blue Jays","26","98","105","32","20","7","1","4","15","11","5","0","23","1","1","0","3","1","1",".327","4616"
"Buster Posey","Giants","26","96","108","31","22","4","0","5","17","17","12","1","7","0","0","0","1","0","0",".323","9166"
"Justin Bour","Marlins","25","59","63","19","11","3","0","5","8","8","4","0","11","0","0","0","1","0","0",".322","9744"
"Denard Span","Nationals","23","94","103","30","20","7","0","3","12","9","7","0","9","0","1","1","3","2","0",".319","8347"
"Justin Turner","Dodgers","25","66","79","21","13","4","0","4","12","15","10","0","10","3","0","0","2","1","1",".318","5235"
"Kolten Wong","Cardinals","29","110","121","35","24","6","0","5","21","16","10","0","19","1","0","0","2","2","4",".318","12532"
"Yunel Escobar","Nationals","27","107","118","34","30","3","1","0","18","9","8","0","21","2","1","0","4","1","1",".318","4191"
"Jonathan Villar","Astros","23","60","66","19","13","5","1","0","6","6","4","0","14","0","1","1","2","3","2",".317","10071"
"Alex Rodriguez","Yankees","28","98","111","31","19","5","1","6","15","14","7","0","22","3","3","0","2","0","0",".316","1274"
"Yasmany Tomas","Diamondbacks","24","98","101","31","24","6","0","1","8","14","3","0","24","0","0","0","1","2","0",".316","17171"
"Anthony Rizzo","Cubs","28","105","124","33","15","9","2","7","11","20","12","2","14","6","1","0","0","3","3",".314","3473"
"Anthony Gose","Tigers","27","105","113","33","24","7","2","0","13","5","7","0","24","0","0","1","1","4","4",".314","5097"
"Joe Panik","Giants","28","105","122","33","22","6","1","4","18","15","14","0","15","2","0","1","1","2","1",".314","11936"
"Nori Aoki","Giants","28","105","116","33","27","3","1","2","12","11","9","0","3","1","0","1","5","5","2",".314","13075"
"Brandon Barnes","Rockies","12","32","33","10","5","5","0","0","6","3","0","0","7","1","0","0","0","0","0",".313","629"
"Josh Thole","Blue Jays","6","16","19","5","3","2","0","0","4","1","3","0","1","0","0","0","1","0","0",".313","9689"
"Matt Duffy","Giants","22","80","85","25","20","3","0","2","9","15","3","0","18","2","0","0","2","1","0",".313","13836"
"Trevor Plouffe","Twins","25","93","105","29","16","7","1","5","13","21","11","0","21","0","1","0","4","0","0",".312","7462"
"Gerardo Parra","Orioles","27","77","84","24","16","5","1","2","10","11","5","1","14","0","2","0","0","1","0",".312","8553"
"Ichiro Suzuki","Marlins","26","58","64","18","18","0","0","0","5","3","6","0","7","0","0","0","2","3","3",".310","1101"
"Justin Smoak","Blue Jays","22","29","30","9","7","1","0","1","2","6","1","0","8","0","0","0","2","0","0",".310","9054"
"A.J. Pollock","Diamondbacks","27","110","119","34","22","6","2","4","20","11","9","0","21","0","0","0","2","8","2",".309","9256"
"Erick Aybar","Angels","27","107","113","33","27","5","0","1","18","8","4","0","17","1","0","1","3","3","0",".308","4082"
"Rafael Ynoa","Rockies","19","39","40","12","10","2","0","0","4","3","1","0","7","0","0","0","0","0","0",".308","2832"
"Reynaldo Navarro","Orioles","6","13","13","4","3","0","0","1","2","2","0","0","0","0","0","0","0","0","0",".308","6008"
"Yadier Molina","Cardinals","27","104","110","32","27","5","0","0","6","9","6","1","9","0","0","0","6","0","0",".308","7007"
"Jake Elmore","Rays","9","26","28","8","5","3","0","0","1","6","2","0","5","0","0","0","1","0","0",".308","7290"
"Preston Tucker","Astros","19","62","69","19","10","7","0","2","10","8","6","0","12","1","0","0","0","0","0",".306","13633"
"Josh Donaldson","Blue Jays","29","111","127","34","16","8","0","10","25","23","12","0","21","1","2","1","1","0","0",".306","5038"
"Brandon Phillips","Reds","24","85","93","26","22","2","0","2","14","11","6","1","12","1","1","0","0","6","0",".306","791"
"Andre Ethier","Dodgers","27","85","97","26","18","4","1","3","11","11","12","1","12","0","0","0","1","0","1",".306","6265"
"Jhonny Peralta","Cardinals","28","108","122","33","18","9","0","6","18","18","13","1","20","1","0","0","6","1","0",".306","1738"
"Wil Myers","Padres","9","36","43","11","6","3","1","1","7","4","7","0","6","0","0","0","0","0","0",".306","10047"
"Josh Harrison","Pirates","25","102","110","31","22","7","0","2","15","13","4","0","11","1","1","2","1","4","2",".304","8202"
"Josh Phegley","Athletics","11","33","39","10","7","2","0","1","1","3","4","0","4","1","1","0","1","0","0",".303","9308"
"Christian Colon","Royals","12","33","37","10","8","2","0","0","2","1","3","0","4","0","0","1","0","0","1",".303","11145"
"Randal Grichuk","Cardinals","15","53","56","16","7","6","2","1","4","7","3","1","14","0","0","0","1","1","0",".302","10243"
"Ezequiel Carrera","Blue Jays","26","63","73","19","15","4","0","0","8","10","4","0","16","2","1","3","0","1","0",".302","9048"
"Brayan Pena","Reds","22","73","82","22","19","3","0","0","6","4","7","0","5","1","0","1","2","0","0",".301","3231"
"Michael Bourn","Braves","26","73","86","22","18","3","1","0","10","9","10","0","16","0","1","2","0","2","1",".301","6387"
"Stephen Vogt","Athletics","28","83","103","25","14","3","1","7","14","23","16","0","16","0","4","0","1","0","0",".301","5000"
"Miguel Cabrera","Tigers","28","100","121","30","19","4","1","6","16","17","19","6","21","2","0","0","3","0","0",".300","1744"
"Dan Haren","Cubs","7","10","14","3","2","1","0","0","2","2","0","0","6","0","0","4","0","0","0",".300","1757"
"Andres Blanco","Phillies","17","20","21","6","2","4","0","0","1","1","1","0","2","0","0","0","3","0","0",".300","1907"
"Gerrit Cole","Pirates","5","10","11","3","3","0","0","0","0","0","0","0","3","0","0","1","0","0","0",".300","13125"
"Jose Iglesias","Tigers","20","67","74","20","19","1","0","0","4","4","5","1","5","2","0","0","1","2","0",".299","10231"
"Eddie Rosario","Twins","18","57","61","17","14","1","0","2","5","10","2","0","19","0","1","1","2","3","1",".298","12155"
"Carlos Beltran","Yankees","25","94","98","28","17","7","0","4","9","14","3","0","11","0","1","0","0","0","0",".298","589"
"Mike Aviles","Indians","15","47","53","14","11","2","0","1","8","4","2","0","8","1","1","2","3","1","0",".298","5986"
"Jung-ho Kang","Pirates","23","84","95","25","17","5","0","3","9","11","6","0","18","5","0","0","2","3","0",".298","17182"
"Logan Forsythe","Rays","28","101","114","30","19","8","0","3","11","12","7","0","18","5","1","0","1","2","0",".297","7185"
"Grady Sizemore","Rays","22","64","68","19","15","4","0","0","3","5","4","0","17","0","0","0","1","0","0",".297","2197"
"Delino Deshields","Rangers","27","81","97","24","18","4","2","0","22","9","15","0","19","0","0","1","0","10","1",".296","11379"
"Eric Hosmer","Royals","26","98","107","29","16","8","1","4","18","16","9","2","20","0","0","0","5","1","1",".296","3516"
"Will Venable","Rangers","24","71","82","21","17","2","1","1","11","6","11","1","14","0","0","0","3","3","1",".296","211"
"Jose Bautista","Blue Jays","27","88","110","26","12","11","1","2","15","17","20","1","13","0","2","0","1","1","0",".295","1887"
"Brett Lawrie","Athletics","27","105","108","31","23","6","0","2","6","9","3","0","30","0","0","0","0","1","0",".295","5247"
"Shin-Soo Choo","Rangers","29","122","135","36","20","9","1","6","21","18","11","0","34","1","1","0","1","0","0",".295","3174"
"Bryan Holaday","Tigers","5","17","17","5","2","2","0","1","1","6","0","0","2","0","0","0","0","0","0",".294","11287"
"Kendrys Morales","Royals","26","92","105","27","16","8","0","3","14","20","11","0","15","1","1","0","2","0","0",".293","8610"
"Adrian Beltre","Rangers","30","123","131","36","25","6","1","4","17","16","4","1","14","1","3","0","2","0","0",".293","639"
"Daniel Descalso","Rockies","19","41","44","12","9","1","0","2","4","10","2","1","5","0","0","1","0","1","1",".293","8392"
"Aaron Hill","Diamondbacks","24","65","71","19","13","3","0","3","9","10","5","0","10","0","1","0","2","2","1",".292","6104"
"Nick Hundley","Rockies","21","72","76","21","14","3","0","4","10","12","3","0","19","0","1","0","1","0","2",".292","3376"
"Jimmy Paredes","Orioles","29","117","125","34","25","5","1","3","12","16","7","0","33","0","1","0","3","2","0",".291","5481"
"Cameron Maybin","Braves","28","93","105","27","20","5","0","2","14","17","11","0","18","1","0","0","3","5","1",".290","5223"
"Jorge Soler","Cubs","28","104","113","30","20","8","0","2","9","9","7","2","34","1","1","0","2","0","1",".288","14221"
"James McCann","Tigers","21","73","79","21","15","5","0","1","6","7","4","0","18","1","1","0","5","0","0",".288","12859"
"Howie Kendrick","Dodgers","27","108","118","31","25","5","0","1","15","5","9","0","23","1","0","0","4","0","0",".287","4229"
"Brian Dozier","Twins","27","108","121","31","11","10","3","7","24","15","10","0","26","2","1","0","1","2","1",".287","9810"
"Dustin Pedroia","Red Sox","29","115","128","33","26","4","0","3","8","11","11","0","14","0","2","0","2","1","0",".287","8370"
"Ben Revere","Blue Jays","29","119","125","34","28","5","1","0","15","9","6","0","11","0","0","0","0","5","1",".286","4712"
"Jean Segura","Brewers","14","56","61","16","10","2","3","1","9","6","3","1","13","2","0","0","2","3","0",".286","5933"
"Doug Fister","Nationals","4","7","8","2","1","1","0","0","0","0","0","0","4","0","0","1","0","0","0",".286","9425"
"Efren Navarro","Angels","6","7","8","2","2","0","0","0","1","0","1","1","2","0","0","0","0","0","0",".286","9854"
"Carlos Perez","Angels","15","49","51","14","9","3","0","2","2","10","1","0","11","0","1","0","2","0","0",".286","10642"
"Andrelton Simmons","Braves","28","105","114","30","21","6","1","2","22","7","7","0","12","2","0","0","5","1","0",".286","10847"
"Nick Ahmed","Diamondbacks","24","77","83","22","15","3","1","3","12","10","4","1","19","0","0","2","1","1","1",".286","12147"
"Jason Heyward","Cardinals","26","88","97","25","17","5","0","3","16","10","7","1","18","1","1","0","3","4","1",".284","4940"
"Freddie Freeman","Braves","28","106","118","30","19","8","0","3","14","16","11","1","29","1","0","0","1","1","1",".283","5361"
"Adeiny Hechavarria","Marlins","27","99","105","28","24","4","0","0","9","4","4","1","16","1","1","0","1","0","1",".283","10459"
"DJ LeMahieu","Rockies","26","92","100","26","22","1","1","2","14","12","8","1","19","0","0","0","2","3","1",".283","9874"
"Mike Moustakas","Royals","23","85","92","24","16","5","1","2","9","7","5","0","11","1","1","0","3","0","1",".282","4892"
"Ruben Tejada","Mets","15","39","44","11","7","3","0","1","6","5","5","0","10","0","0","0","0","0","0",".282","5519"
"Marcus Semien","Athletics","30","117","124","33","24","3","3","3","15","4","7","0","25","0","0","0","4","4","1",".282","12533"
"Michael Brantley","Indians","28","110","132","31","17","10","0","4","15","23","19","2","10","0","3","0","3","6","0",".282","4106"
"Jace Peterson","Braves","27","103","114","29","23","3","2","1","12","15","11","0","16","0","0","0","0","5","2",".282","12325"
"Martin Prado","Marlins","28","121","128","34","28","4","0","2","8","12","4","0","17","3","0","0","1","0","0",".281","3312"
"Manny Machado","Orioles","29","114","125","32","20","7","1","4","16","10","10","0","24","0","0","1","2","4","1",".281","11493"
"Ryan Howard","Phillies","27","100","106","28","14","7","1","6","10","15","4","0","32","1","1","0","1","0","0",".280","2154"
"Michael McKenry","Rockies","13","25","33","7","3","2","0","2","8","6","7","0","7","1","0","0","0","0","1",".280","9628"
"Mitch Moreland","Rangers","17","68","71","19","10","5","0","4","8","9","3","0","14","0","0","0","2","1","0",".279","3086"
"Jedd Gyorko","Padres","25","61","68","17","11","4","0","2","7","8","6","1","19","1","0","0","2","0","0",".279","10816"
"Mark Reynolds","Cardinals","26","79","85","22","17","3","0","2","7","10","6","0","26","0","0","0","1","0","1",".278","7619"
"Ian Desmond","Nationals","27","108","115","30","18","9","0","3","12","10","5","0","33","0","0","2","2","1","1",".278","6885"
"Starling Marte","Pirates","28","112","122","31","18","9","0","4","13","17","7","0","24","2","1","0","4","5","2",".277","9241"
"Kyle Seager","Mariners","28","105","114","29","16","6","0","7","16","17","8","2","18","1","0","0","3","0","2",".276","9785"
"Evan Gattis","Astros","28","105","112","29","12","6","2","9","19","22","5","1","20","0","2","0","3","0","0",".276","11003"
"Lucas Duda","Mets","27","98","112","27","11","9","0","7","18","13","9","0","29","5","0","0","2","0","0",".276","2502"
"Xander Bogaerts","Red Sox","28","91","99","25","18","4","2","1","8","7","4","0","11","1","1","2","1","0","0",".275","12161"
"Angel Pagan","Giants","27","102","106","28","24","2","2","0","10","5","3","0","15","0","1","0","3","2","2",".275","2918"
"Chase Headley","Yankees","28","102","113","28","20","5","0","3","12","13","7","0","21","2","2","0","2","0","1",".275","4720"
"Nolan Arenado","Rockies","27","102","110","28","15","3","1","9","14","22","4","1","20","3","1","0","3","0","1",".275","9777"
"Adrian Gonzalez","Dodgers","27","95","112","26","16","8","0","2","14","16","13","1","23","3","1","0","2","0","1",".274","1908"
"Jose Abreu","White Sox","27","106","116","29","22","3","1","3","17","14","6","0","24","4","0","0","3","0","0",".274","15676"
"Matt Holliday","Cardinals","24","88","105","24","16","6","0","2","6","10","13","2","18","3","1","0","4","0","0",".273","1873"
"Josh Hamilton","Rangers","7","22","26","6","2","2","0","2","5","5","4","0","7","0","0","0","0","0","0",".273","1875"
"Kelly Johnson","Mets","11","33","35","9","5","1","0","3","4","9","2","0","5","0","0","0","1","0","0",".273","2234"
"Ender Inciarte","Diamondbacks","28","121","128","33","26","5","0","2","15","9","3","0","19","1","2","1","2","3","3",".273","4922"
"Eduardo Escobar","Twins","23","77","83","21","15","5","0","1","6","12","3","0","17","0","2","1","2","0","1",".273","6153"
"J.D. Martinez","Tigers","28","99","116","27","19","5","0","3","15","7","14","1","31","2","1","0","2","1","0",".273","6184"
"Logan Morrison","Mariners","28","99","116","27","17","3","2","5","13","10","16","3","16","1","0","0","1","1","0",".273","9205"
"Yoenis Cespedes","Mets","29","110","120","30","18","9","0","3","16","11","8","0","28","0","2","0","2","3","4",".273","13110"
"Addison Russell","Cubs","27","99","106","27","14","9","0","4","14","9","7","0","34","0","0","0","1","1","1",".273","14106"
"Mike Trout","Angels","29","114","124","31","18","6","0","7","18","13","8","4","23","2","0","0","1","2","3",".272","10155"
"Ryan Braun","Brewers","29","103","123","28","14","6","0","8","22","28","17","2","23","0","2","0","3","5","1",".272","3410"
"Michael Cuddyer","Mets","25","92","102","25","20","2","0","3","11","11","10","0","22","0","0","0","4","0","0",".272","1534"
"Carlos Ruiz","Phillies","22","70","75","19","14","5","0","0","5","7","4","1","10","1","0","0","6","0","1",".271","2579"
"Albert Pujols","Angels","27","107","113","29","17","4","0","8","14","14","4","2","12","1","1","0","2","1","0",".271","1177"
"Eric Sogard","Athletics","27","96","100","26","24","2","0","0","7","7","4","0","16","0","0","0","2","1","0",".271","7927"
"Adam LaRoche","White Sox","28","89","112","24","16","5","0","3","11","13","22","0","27","1","0","0","3","0","0",".270","1904"
"Cameron Rupp","Phillies","10","26","30","7","4","3","0","0","0","2","3","1","9","0","1","0","0","0","0",".269","11146"
"Micah Johnson","White Sox","10","26","30","7","6","1","0","0","4","3","1","0","5","1","0","1","0","1","0",".269","13809"
"Matt Carpenter","Cardinals","24","93","110","25","16","4","0","5","13","13","14","1","27","1","2","0","0","1","0",".269","8090"
"Josh Reddick","Athletics","30","112","127","30","19","4","2","5","14","19","15","0","15","0","0","0","2","0","1",".268","3892"
"Lorenzo Cain","Royals","23","90","96","24","19","3","1","1","19","8","5","0","20","0","1","0","2","3","1",".267","9077"
"Michael Saunders","Blue Jays","4","15","17","4","4","0","0","0","2","2","2","0","4","0","0","0","0","0","0",".267","9981"
"Wilson Ramos","Nationals","22","79","84","21","14","5","0","2","6","11","4","0","15","0","1","0","3","0","0",".266","1433"
"Wilin Rosario","Rockies","17","64","65","17","13","2","1","1","7","6","1","1","14","0","0","0","1","1","1",".266","8002"
"Carlos Gomez","Astros","25","102","110","27","16","6","1","4","18","14","5","0","25","3","0","0","0","5","3",".265","4881"
"Kris Bryant","Cubs","28","102","122","27","17","2","1","7","20","22","16","0","40","2","2","0","0","3","1",".265","15429"
"Chris Iannetta","Angels","16","53","58","14","8","3","0","3","7","12","5","0","11","0","0","0","4","0","0",".264","8267"
"David Peralta","Diamondbacks","27","76","85","20","11","6","1","2","7","15","8","1","18","0","1","0","0","2","0",".263","2136"
"Alex Avila","Tigers","5","19","20","5","4","0","0","1","2","4","1","0","5","0","0","0","0","0","0",".263","7476"
"Marcell Ozuna","Marlins","28","114","121","30","22","5","0","3","10","11","7","1","18","0","0","0","3","0","0",".263","10324"
"Evan Longoria","Rays","28","103","118","27","18","5","0","4","15","21","11","0","23","1","3","0","0","1","0",".262","9368"
"Troy Tulowitzki","Blue Jays","24","84","88","22","15","5","0","2","10","10","3","1","22","0","1","0","3","0","0",".262","3531"
"Alcides Escobar","Royals","20","84","90","22","17","2","1","2","11","9","2","0","8","2","1","1","0","1","1",".262","6310"
"Ian Kinsler","Tigers","28","107","124","28","19","7","1","1","12","12","16","0","17","0","1","0","3","3","0",".262","6195"
"Adam Eaton","White Sox","26","107","117","28","19","5","2","2","20","6","8","0","19","2","0","0","2","0","1",".262","11205"
"Devin Mesoraco","Reds","14","23","25","6","4","1","1","0","1","2","2","0","3","0","0","0","0","0","0",".261","5666"
"Danny Valencia","Athletics","16","46","46","12","8","3","0","1","3","7","0","0","10","0","0","0","0","1","0",".261","6364"
"Tyler Collins","Tigers","9","23","25","6","5","1","0","0","1","1","2","0","5","0","0","0","1","1","0",".261","12723"
"Derek Norris","Padres","28","104","112","27","15","8","1","3","14","21","7","0","28","1","0","0","1","1","0",".260","6867"
"Justin Morneau","Rockies","7","27","27","7","3","3","0","1","2","2","0","0","4","0","0","0","1","0","0",".259","1737"
"Nick Markakis","Braves","28","108","121","28","21","7","0","0","5","8","12","2","20","1","0","0","1","0","0",".259","5930"
"Tucker Barnhart","Reds","10","27","30","7","6","0","0","1","1","3","2","1","6","0","1","0","0","0","0",".259","10200"
"James Loney","Rays","23","85","92","22","18","3","0","1","6","7","6","2","5","0","1","0","1","1","1",".259","4556"
"Aaron Hicks","Twins","17","58","61","15","13","1","0","1","8","2","3","0","11","0","0","0","3","3","1",".259","5297"
"Mookie Betts","Red Sox","29","116","125","30","19","6","2","3","9","12","7","0","10","0","2","0","0","3","1",".259","13611"
"Mark Teixeira","Yankees","27","89","107","23","13","4","0","6","12","17","16","1","12","2","0","0","1","1","0",".258","1281"
"Chris Stewart","Pirates","11","31","33","8","6","2","0","0","1","3","1","0","3","0","0","1","1","0","0",".258","3878"
"Corey Dickerson","Rockies","12","35","35","9","7","1","1","0","2","1","0","0","10","0","0","0","1","0","0",".257","10762"
"Peter Bourjos","Cardinals","27","74","82","19","13","3","2","1","13","5","6","2","17","1","1","0","0","0","4",".257","2578"
"Ryan Raburn","Indians","21","43","50","11","4","4","1","2","4","7","6","2","10","1","0","0","1","0","0",".256","2218"
"Pedro Alvarez","Pirates","26","86","102","22","12","5","0","5","15","14","15","3","24","0","1","0","0","0","0",".256","2495"
"Max Muncy","Athletics","20","43","51","11","5","4","0","2","9","5","7","0","11","0","1","0","0","0","0",".256","13301"
"Chase Utley","Dodgers","26","90","100","23","15","6","1","1","11","10","8","1","14","2","0","0","3","0","0",".256","1679"
"Jay Bruce","Reds","25","90","102","23","15","4","2","2","7","10","12","0","21","0","0","0","3","2","3",".256","9892"
"Hunter Pence","Giants","16","63","67","16","10","3","1","2","11","12","4","0","13","0","0","0","0","1","0",".254","8252"
"Miguel Montero","Cubs","24","67","84","17","12","3","0","2","6","6","15","1","18","2","0","0","4","0","0",".254","3364"
"Khris Davis","Brewers","25","75","87","19","9","4","2","4","10","12","11","0","20","0","1","0","3","0","0",".253","9112"
"Will Middlebrooks","Padres","26","79","85","20","13","3","0","4","9","10","4","0","17","0","2","0","1","0","0",".253","7002"
"Danny Espinosa","Nationals","25","79","90","20","12","4","0","4","16","9","11","3","25","0","0","0","2","0","0",".253","9219"
"Joey Votto","Reds","26","95","109","24","18","4","0","2","10","7","13","0","20","1","0","0","4","3","1",".253","4314"
"Brett Gardner","Yankees","28","107","119","27","16","7","1","3","16","14","11","0","27","0","0","1","2","6","2",".252","9927"
"Kole Calhoun","Angels","29","107","120","27","19","6","0","2","10","11","9","1","23","1","2","1","1","3","1",".252","11200"
"Jayson Werth","Nationals","12","44","52","11","9","0","0","2","10","6","6","0","9","1","1","0","0","0","0",".250","1327"
"Zack Cozart","Reds","22","76","88","19","13","4","0","2","12","11","9","1","6","1","2","0","2","2","3",".250","2616"
"Travis Snider","Pirates","22","56","62","14","11","3","0","0","4","1","5","0","14","1","0","0","0","0","0",".250","2830"
"Max Scherzer","Nationals","6","16","17","4","4","0","0","0","2","0","0","0","7","0","0","1","0","0","0",".250","3137"
"Robinson Cano","Mariners","27","104","114","26","21","4","0","1","8","10","7","0","19","1","2","0","4","1","2",".250","3269"
"Skip Schumaker","Reds","18","40","42","10","4","6","0","0","3","4","2","1","6","0","0","0","1","0","0",".250","3704"
"Alex Gordon","Royals","25","88","101","22","12","7","0","3","12","12","9","2","21","3","1","0","0","0","0",".250","5209"
"Jon Jay","Cardinals","13","36","42","9","9","0","0","0","4","3","2","0","5","3","1","0","2","0","1",".250","5227"
"Jake Smolinski","Athletics","10","12","16","3","3","0","0","0","3","3","2","0","3","0","2","0","1","0","0",".250","5408"
"Marwin Gonzalez","Astros","22","64","66","16","11","4","0","1","7","7","0","0","14","0","0","2","2","0","0",".250","5497"
"J.B. Shuck","White Sox","19","44","52","11","10","1","0","0","4","3","5","0","3","1","1","1","1","4","1",".250","6677"
"Seth Smith","Mariners","27","92","100","23","11","7","1","4","10","7","7","0","26","1","0","0","0","0","0",".250","7331"
"Ben Zobrist","Royals","6","20","21","5","3","2","0","0","2","2","1","0","3","0","0","0","1","0","0",".250","7435"
"Jason Castro","Astros","21","72","76","18","10","5","0","3","7","7","3","0","22","1","0","0","0","0","0",".250","8722"
"Chris Owings","Diamondbacks","23","92","96","23","17","4","1","1","13","4","2","1","20","0","0","2","2","2","0",".250","10030"
"Mike Leake","Giants","4","8","8","2","0","2","0","0","0","1","0","0","2","0","0","0","0","0","0",".250","10130"
"Chris Heston","Giants","5","8","10","2","1","1","0","0","1","0","0","0","3","0","0","2","0","0","0",".250","10302"
"Todd Cunningham","Angels","14","40","42","10","7","3","0","0","5","2","2","0","10","0","0","0","0","1","0",".250","10822"
"Michael Wacha","Cardinals","4","8","9","2","1","1","0","0","2","1","0","0","2","0","0","1","0","0","0",".250","14078"
"George Springer","Astros","23","77","97","19","10","5","0","4","12","6","19","0","25","0","0","1","1","3","0",".247","12856"
"Luis Sardinas","Brewers","14","57","57","14","13","0","1","0","6","1","0","0","14","0","0","0","0","0","0",".246","13153"
"Neil Walker","Pirates","26","102","113","25","17","6","0","2","13","8","7","1","20","4","0","0","2","1","0",".245","7539"
"Darin Ruf","Phillies","19","49","53","12","8","3","0","1","6","5","2","0","9","1","1","0","1","0","0",".245","9929"
"Geovany Soto","White Sox","16","45","49","11","7","3","0","1","4","7","3","0","11","1","0","0","1","0","0",".244","3707"
"Marlon Byrd","Giants","25","86","102","21","9","3","1","8","14","17","15","0","21","0","1","0","1","1","0",".244","950"
"Brian McCann","Yankees","25","86","99","21","13","2","0","6","13","21","10","1","15","1","2","0","1","0","0",".244","4810"
"Tuffy Gosewisch","Diamondbacks","21","66","72","16","9","6","0","1","5","9","5","0","12","0","1","0","1","2","1",".242","5277"
"Gordon Beckham","White Sox","25","62","68","15","10","3","0","2","6","9","4","0","10","0","2","0","2","0","0",".242","9015"
"Mike Napoli","Rangers","27","91","108","22","11","4","0","7","10","18","17","1","27","0","0","0","5","0","1",".242","3057"
"Andrew Romine","Tigers","22","29","31","7","7","0","0","0","3","2","1","0","6","0","0","1","0","1","2",".241","1159"
"Robinson Chirinos","Rangers","19","58","75","14","4","6","1","3","10","13","12","0","19","2","2","1","2","0","0",".241","3142"
"Rajai Davis","Tigers","21","58","66","14","8","4","2","0","9","5","6","0","12","0","1","1","0","6","2",".241","3708"
"Billy Butler","Athletics","29","116","126","28","23","4","0","1","10","14","6","1","20","1","3","0","1","0","0",".241","7399"
"Cesar Hernandez","Phillies","26","54","64","13","8","4","0","1","9","6","10","0","9","0","0","0","1","1","1",".241","10556"
"Joe Mauer","Twins","26","100","108","24","17","5","1","1","15","17","5","1","19","1","2","0","8","1","0",".240","1857"
"Brandon Moss","Cardinals","26","100","113","24","13","7","0","4","11","14","10","1","27","1","2","0","2","0","0",".240","4467"
"Johnny Giavotella","Angels","29","92","101","22","16","5","1","0","9","7","7","0","13","0","1","1","3","1","0",".239","6740"
"Aramis Ramirez","Pirates","20","67","76","16","8","4","0","4","7","9","7","1","10","1","1","0","2","0","0",".239","1002"
"Alex Guerrero","Dodgers","24","67","71","16","8","3","1","4","10","8","3","0","21","1","0","0","2","0","0",".239","15670"
"Adam Jones","Orioles","27","109","114","26","23","2","0","1","5","7","3","1","14","2","0","0","5","3","0",".239","6368"
"Elvis Andrus","Rangers","29","109","128","26","19","6","0","1","12","12","14","0","20","0","3","2","3","3","3",".239","8709"
"Steven Souza","Rays","25","84","97","20","9","5","0","6","16","11","11","0","38","1","0","1","0","3","2",".238","5667"
"Clint Robinson","Nationals","16","21","22","5","3","2","0","0","3","1","1","0","2","0","0","0","0","0","0",".238","6908"
"Jason Rogers","Brewers","21","42","45","10","7","2","0","1","4","4","2","0","8","1","0","0","0","0","0",".238","11773"
"Ryan Zimmerman","Nationals","27","97","109","23","15","5","0","3","12","18","9","0","17","0","3","0","8","1","0",".237","4220"
"Curtis Granderson","Mets","28","97","113","23","15","3","0","5","12","10","12","1","27","2","2","0","1","2","1",".237","4747"
"Freddy Galvis","Phillies","25","97","106","23","21","2","0","0","12","4","8","0","21","1","0","0","3","5","0",".237","6609"
"Alexei Ramirez","White Sox","30","114","118","27","21","4","0","2","9","12","1","0","14","1","2","0","7","6","2",".237","5133"
"Mike Zunino","Mariners","22","76","81","18","8","5","0","5","6","12","2","0","29","2","0","1","0","0","1",".237","13265"
"Wilmer Flores","Mets","25","93","98","22","14","3","0","5","11","14","3","0","10","0","1","1","3","0","0",".237","5827"
"Mark Trumbo","Mariners","25","93","101","22","9","6","0","7","16","12","8","0","24","0","0","0","2","0","0",".237","6876"
"Ryan Goins","Blue Jays","29","89","100","21","15","4","1","1","6","8","6","0","17","0","2","3","3","0","0",".236","9807"
"Joc Pederson","Dodgers","28","106","123","25","13","3","0","9","15","14","16","1","37","1","0","0","1","1","1",".236","11899"
"Casey McGehee","Marlins","18","51","55","12","11","0","0","1","3","7","4","0","10","0","0","0","4","0","0",".235","6086"
"Carlos Gonzalez","Rockies","25","85","99","20","17","1","0","2","14","7","13","0","18","0","0","1","2","1","0",".235","7287"
"Salvador Perez","Royals","24","85","86","20","13","4","0","3","3","11","1","0","14","0","0","0","4","0","0",".235","7304"
"Dilson Herrera","Mets","10","34","37","8","6","1","0","1","2","3","2","1","9","1","0","0","0","0","0",".235","14335"
"Hanley Ramirez","Red Sox","26","98","105","23","17","4","0","2","12","5","5","1","15","2","0","0","4","1","1",".235","8001"
"Rusney Castillo","Red Sox","8","30","31","7","7","0","0","0","1","1","1","0","5","0","0","0","2","1","0",".233","17016"
"Matt Joyce","Angels","24","73","84","17","8","5","0","4","6","12","9","0","16","2","0","0","2","0","2",".233","3353"
"Kurt Suzuki","Twins","21","73","83","17","11","6","0","0","7","5","6","1","7","2","2","0","1","0","0",".233","8259"
"Juan Uribe","Mets","17","43","48","10","7","1","0","2","5","6","4","1","8","0","1","0","2","1","0",".233","454"
"Didi Gregorius","Yankees","26","82","91","19","14","3","0","2","11","7","6","0","13","2","0","1","1","1","0",".232","6012"
"Yangervis Solarte","Padres","29","108","115","25","17","8","0","0","10","12","6","0","16","1","0","0","1","1","0",".231","5352"
"Jose Altuve","Astros","28","108","119","25","19","3","0","3","11","9","9","4","12","1","1","0","5","6","3",".231","5417"
"Madison Bumgarner","Giants","6","13","14","3","2","0","0","1","2","1","1","0","3","0","0","0","1","0","0",".231","5524"
"Sean Rodriguez","Pirates","25","39","41","9","6","2","0","1","3","1","1","0","10","0","0","1","2","0","0",".231","6589"
"Eric Young","Mets","11","13","16","3","3","0","0","0","1","0","2","1","4","0","0","1","0","0","0",".231","7158"
"Christian Yelich","Marlins","21","78","85","18","14","2","0","2","5","7","6","0","24","1","0","0","2","3","1",".231","11477"
"Clint Barmes","Padres","18","35","38","8","8","0","0","0","4","1","1","1","12","1","0","1","0","0","0",".229","1830"
"Billy Hamilton","Reds","24","92","100","21","18","1","1","1","10","11","3","0","13","0","2","3","1","8","2",".228","10199"
"Nick Swisher","Braves","23","79","87","18","12","4","0","2","6","7","7","1","20","0","1","0","1","0","0",".228","4599"
"David Freese","Angels","29","101","113","23","14","5","0","4","14","12","8","0","23","1","3","0","1","0","0",".228","9549"
"Colby Rasmus","Astros","24","75","82","17","6","7","0","4","10","8","6","0","28","0","1","0","1","0","1",".227","9893"
"Gregory Polanco","Pirates","27","93","106","21","15","3","1","2","14","6","12","1","18","0","1","0","0","6","3",".226","12907"
"Edwin Encarnacion","Blue Jays","29","102","120","23","10","5","0","8","19","22","17","0","25","0","1","0","7","1","0",".225","2151"
"Blake Swihart","Red Sox","21","71","75","16","13","3","0","0","9","7","3","0","21","0","0","1","2","1","0",".225","13176"
"Nick Castellanos","Tigers","29","107","115","24","17","3","2","2","5","13","6","0","27","0","2","0","5","0","0",".224","11737"
"Cory Spangenberg","Padres","27","85","99","19","15","1","1","2","12","4","9","1","20","0","1","4","2","4","1",".224","12294"
"Tim Hudson","Giants","5","9","11","2","2","0","0","0","0","0","0","0","4","0","0","2","0","0","0",".222","921"
"Chris Johnson","Indians","4","9","9","2","2","0","0","0","0","1","0","0","2","0","0","0","0","0","0",".222","1191"
"Zack Greinke","Dodgers","5","9","11","2","1","1","0","0","1","0","1","0","1","0","0","1","0","1","0",".222","1943"
"Dan Uggla","Nationals","12","18","24","4","3","1","0","0","0","2","6","0","5","0","0","0","0","0","0",".222","3442"
"Jose Pirela","Yankees","14","36","36","8","7","1","0","0","1","0","0","0","7","0","0","0","2","0","0",".222","5485"
"Tim Lincecum","Giants","6","9","12","2","2","0","0","0","0","0","2","0","5","0","0","1","0","0","0",".222","5705"
"David Lough","Orioles","21","36","40","8","8","0","0","0","1","1","1","0","8","1","0","2","0","1","2",".222","7215"
"Paulo Orlando","Royals","19","63","64","14","11","2","0","1","6","3","0","0","8","1","0","0","0","1","0",".222","8628"
"Jimmy Nelson","Brewers","5","9","10","2","1","1","0","0","1","0","1","0","5","0","0","0","0","0","0",".222","10547"
"Starlin Castro","Cubs","28","113","121","25","21","3","0","1","8","12","6","2","24","1","1","0","4","2","1",".221","4579"
"Charlie Blackmon","Rockies","26","91","109","20","14","1","0","5","14","8","9","0","23","7","0","2","0","8","2",".220","7859"
"Melky Cabrera","White Sox","30","123","132","27","24","2","0","1","14","11","7","0","12","0","2","0","5","0","0",".220","4022"
"Chris Coghlan","Cubs","28","82","91","18","10","3","1","4","10","8","9","2","20","0","0","0","0","2","0",".220","6878"
"Carlos Santana","Indians","22","83","108","18","11","4","0","3","16","16","21","1","17","1","3","0","2","1","0",".217","2396"
"Adam Lind","Brewers","27","83","95","18","9","5","0","4","11","10","12","3","24","0","0","0","1","0","0",".217","8027"
"Jimmy Rollins","Dodgers","27","102","108","22","15","4","0","3","14","6","6","0","16","0","0","0","3","2","2",".216","971"
"Chris Carter","Astros","28","93","110","20","11","3","0","6","11","21","15","0","38","0","2","0","0","0","0",".215","9911"
"David Ortiz","Red Sox","25","98","108","21","13","6","0","2","4","7","10","4","13","0","0","0","3","0","0",".214","745"
"Brock Holt","Red Sox","21","61","68","13","6","6","1","0","8","3","6","0","17","1","0","0","1","0","0",".213","9345"
"Ike Davis","Athletics","11","33","36","7","3","3","0","1","3","2","3","0","6","0","0","0","0","0","0",".212","8433"
"Juan Lagares","Mets","24","90","97","19","18","0","0","1","11","2","6","0","17","1","0","0","3","3","1",".211","5384"
"Asdrubal Cabrera","Rays","26","86","94","18","10","5","1","2","7","3","6","2","23","2","0","0","2","2","1",".209","4962"
"Lonnie Chisenhall","Indians","26","86","92","18","8","6","1","3","14","13","4","0","13","0","1","1","0","0","1",".209","7571"
"Christian Bethancourt","Braves","13","43","44","9","5","4","0","0","4","5","1","1","7","0","0","0","2","0","0",".209","10028"
"Leonys Martin","Rangers","22","67","73","14","8","4","0","2","8","7","3","0","16","1","1","1","0","1","3",".209","11846"
"Michael Morse","Pirates","16","48","51","10","8","2","0","0","0","2","3","0","16","0","0","0","2","0","0",".208","3035"
"Anthony Recker","Mets","8","24","26","5","3","0","0","2","4","2","2","0","9","0","0","0","0","1","0",".208","4063"
"Donovan Solano","Marlins","16","24","26","5","3","2","0","0","3","4","1","0","2","1","0","0","1","0","0",".208","8623"
"Caleb Joseph","Orioles","25","77","85","16","10","3","0","3","8","12","7","1","20","0","1","0","3","0","0",".208","7087"
"Tyler Moore","Nationals","19","29","32","6","3","1","0","2","3","6","3","1","8","0","0","0","0","0","0",".207","7244"
"Omar Infante","Royals","26","92","97","19","12","5","2","0","7","9","3","0","13","0","2","0","1","0","0",".207","1609"
"Enrique Hernandez","Dodgers","17","34","36","7","3","3","0","1","6","3","1","0","10","1","0","0","0","0","0",".206","10472"
"Elian Herrera","Brewers","28","73","80","15","10","2","0","3","4","9","5","0","17","0","2","0","0","1","1",".205","5432"
"Scott Van Slyke","Dodgers","21","59","62","12","9","2","0","1","2","8","2","0","18","0","1","0","2","0","1",".203","4365"
"Kevin Plawecki","Mets","20","64","69","13","10","2","0","1","3","6","3","0","17","1","1","0","3","0","0",".203","13807"
"Jake Marisnick","Astros","27","84","89","17","13","3","0","1","6","6","4","0","29","0","1","0","0","2","2",".202","11339"
"Odubel Herrera","Phillies","27","94","100","19","13","5","0","1","6","6","3","0","29","1","0","2","2","2","1",".202","11476"
"David Ross","Cubs","13","25","30","5","3","2","0","0","0","1","4","1","10","0","0","1","0","0","0",".200","1551"
"Corey Hart","Pirates","16","20","21","4","4","0","0","0","0","3","0","0","10","0","1","0","3","0","0",".200","1945"
"Pablo Sandoval","Red Sox","26","90","95","18","14","1","0","3","6","6","3","0","14","2","0","0","5","0","0",".200","5409"
"Chad Billingsley","Phillies","3","5","5","1","0","0","0","1","1","1","0","0","1","0","0","0","0","0","0",".200","5842"
"Josh Collmenter","Diamondbacks","4","10","10","2","2","0","0","0","0","0","0","0","3","0","0","0","1","0","0",".200","7312"
"Craig Gentry","Athletics","4","5","6","1","1","0","0","0","1","1","0","0","1","0","1","0","0","0","0",".200","9571"
"Austin Jackson","Cubs","9","35","38","7","7","0","0","0","2","1","3","0","10","0","0","0","0","2","2",".200","9848"
"Jarred Cosart","Marlins","3","5","5","1","1","0","0","0","0","1","0","0","2","0","0","0","0","0","0",".200","10304"
"J.T. Realmuto","Marlins","24","90","97","18","10","4","2","2","10","7","5","1","14","0","1","1","2","2","0",".200","11739"
"Archie Bradley","Diamondbacks","3","5","5","1","1","0","0","0","0","0","0","0","4","0","0","0","0","0","0",".200","12918"
"Munenori Kawasaki","Blue Jays","4","5","6","1","1","0","0","0","0","0","1","0","1","0","0","0","1","0","1",".200","13047"
"Danny Santana","Twins","25","86","90","17","10","4","3","0","13","6","2","0","21","1","0","1","2","3","1",".198","10322"
"Jose Ramirez","Indians","24","81","94","16","11","5","0","0","14","6","9","0","11","1","1","2","2","5","0",".198","13510"
"Chris Davis","Orioles","29","97","113","19","7","5","0","7","14","14","15","0","40","0","1","0","1","0","0",".196","9272"
"Victor Martinez","Tigers","13","46","51","9","6","2","0","1","3","6","4","0","5","0","1","0","2","0","0",".196","393"
"Drew Stubbs","Rangers","12","31","34","6","3","1","0","2","4","4","2","0","19","1","0","0","0","0","0",".194","9328"
"Maikel Franco","Phillies","16","62","66","12","8","1","1","2","7","8","4","0","9","0","0","0","1","1","0",".194","12179"
"Junior Lake","Orioles","11","26","28","5","4","1","0","0","0","0","2","0","7","0","0","0","0","2","0",".192","4672"
"J.J. Hardy","Orioles","23","84","87","16","13","1","0","2","7","6","2","0","17","0","0","1","0","0","0",".190","3797"
"Jose Lobaton","Nationals","6","21","24","4","3","0","0","1","1","3","3","1","6","0","0","0","0","0","0",".190","4243"
"Shane Robinson","Twins","13","37","38","7","6","1","0","0","6","2","1","0","5","0","0","0","1","1","0",".189","4249"
"Jarrod Dyson","Royals","14","37","41","7","4","1","2","0","3","1","1","0","7","1","0","2","0","2","1",".189","4866"
"Dexter Fowler","Cubs","28","106","125","20","11","3","1","5","21","8","15","0","31","1","1","2","2","5","3",".189","4062"
"Devon Travis","Blue Jays","14","53","57","10","5","4","0","1","7","7","4","0","12","0","0","0","2","1","0",".189","13862"
"Jordy Mercer","Pirates","22","69","72","13","9","4","0","0","5","5","3","1","15","0","0","0","2","2","0",".188","6547"
"Tony Cruz","Cardinals","13","16","17","3","2","1","0","0","0","2","1","0","3","0","0","0","0","0","0",".188","2802"
"Eduardo Nunez","Twins","6","16","17","3","1","1","0","1","2","2","1","0","2","0","0","0","1","0","1",".188","6848"
"Tyler Flowers","White Sox","21","64","69","12","8","3","0","1","4","5","4","0","22","1","0","0","2","0","0",".188","9134"
"Brad Miller","Mariners","25","80","92","15","5","5","1","4","12","7","11","0","22","1","0","0","1","1","0",".188","12775"
"Matt Adams","Cardinals","23","75","79","14","10","3","0","1","4","6","4","0","20","0","0","0","1","1","0",".187","9393"
"Alejandro De Aza","Giants","15","43","48","8","5","2","0","1","6","3","4","2","16","1","0","0","0","0","0",".186","3371"
"Matt Kemp","Padres","29","113","120","21","18","3","0","0","12","10","4","0","31","2","1","0","2","1","0",".186","5631"
"Giancarlo Stanton","Marlins","28","108","126","20","9","2","0","9","13","23","15","3","40","0","3","0","3","1","1",".185","4949"
"Pedro Ciriaco","Braves","15","27","29","5","2","2","1","0","3","4","0","0","6","1","1","0","0","1","0",".185","5278"
"Michael Taylor","Nationals","23","54","60","10","7","1","0","2","6","10","6","2","21","0","0","0","1","2","1",".185","11489"
"Abraham Almonte","Indians","18","38","44","7","6","1","0","0","5","4","4","0","16","0","0","2","0","1","0",".184","5486"
"Martin Maldonado","Brewers","25","87","96","16","12","2","0","2","8","7","8","2","19","0","1","0","0","0","1",".184","6887"
"Jonny Gomes","Royals","17","49","53","9","7","1","0","1","8","2","3","0","17","0","1","0","2","0","0",".184","1845"
"Steve Pearce","Orioles","21","60","65","11","6","1","0","4","7","11","3","0","16","2","0","0","1","0","1",".183","9957"
"Bartolo Colon","Mets","6","11","12","2","1","1","0","0","0","1","0","0","3","0","0","1","0","0","0",".182","375"
"Ryan Vogelsong","Giants","5","11","14","2","1","1","0","0","1","0","0","0","3","0","0","3","0","0","0",".182","1011"
"Ryan Flaherty","Orioles","10","22","25","4","3","1","0","0","4","0","2","0","7","1","0","0","0","0","0",".182","7888"
"Cody Asche","Phillies","12","44","45","8","6","1","1","0","2","0","1","0","16","0","0","0","0","0","0",".182","11997"
"Kevin Pillar","Blue Jays","29","105","115","19","14","3","1","1","16","6","7","0","21","1","1","1","3","4","1",".181","12434"
"Dustin Ackley","Yankees","26","61","68","11","7","3","0","1","6","7","3","0","16","1","2","1","1","1","1",".180","10099"
"Cliff Pennington","Blue Jays","19","39","46","7","6","1","0","0","4","3","4","1","7","0","1","2","1","0","0",".179","3395"
"Andrew Susac","Giants","11","28","34","5","4","1","0","0","2","2","6","0","10","0","0","0","0","0","0",".179","13132"
"Sandy Leon","Red Sox","10","23","27","4","4","0","0","0","0","0","1","0","4","1","0","2","1","0","0",".174","5273"
"Collin Cowgill","Angels","17","23","26","4","3","0","1","0","4","0","2","0","6","0","0","1","0","0","1",".174","7250"
"Kevin Kiermaier","Rays","28","98","105","17","12","3","1","1","8","4","5","0","18","1","0","1","2","2","1",".173","11038"
"Bobby Wilson","Rangers","11","29","30","5","5","0","0","0","3","3","1","0","12","0","0","0","1","0","0",".172","6564"
"Rene Rivera","Rays","22","64","70","11","6","4","0","1","2","4","3","0","16","1","0","2","1","0","0",".172","3648"
"Mark Canha","Athletics","24","65","77","11","6","1","0","4","8","10","9","0","16","1","2","0","2","1","1",".169","11445"
"A.J. Burnett","Pirates","6","12","16","2","2","0","0","0","0","2","0","0","6","0","1","3","0","0","0",".167","512"
"Hank Conger","Astros","9","30","33","5","3","1","0","1","2","2","3","0","9","0","0","0","1","0","0",".167","2505"
"Allen Craig","Red Sox","7","18","22","3","2","0","0","1","1","1","3","0","9","1","0","0","0","0","0",".167","3433"
"Jonathan Herrera","Cubs","10","12","12","2","2","0","0","0","2","0","0","0","2","0","0","0","0","0","0",".167","4182"
"Jon Niese","Mets","6","12","13","2","2","0","0","0","1","0","0","0","7","0","0","1","0","0","0",".167","4424"
"Jason Hammel","Cubs","5","12","13","2","2","0","0","0","0","1","0","0","7","0","1","0","0","0","0",".167","4538"
"Daniel Nava","Rays","11","24","29","4","3","1","0","0","2","1","5","0","7","0","0","0","2","0","0",".167","5450"
"Chase Anderson","Diamondbacks","6","12","15","2","2","0","0","0","0","2","0","0","6","0","0","3","0","0","0",".167","6895"
"Williams Perez","Braves","3","6","6","1","1","0","0","0","0","0","0","0","4","0","0","0","0","0","0",".167","11592"
"Luis Valbuena","Astros","25","98","104","16","9","2","0","5","14","9","6","0","27","0","0","0","5","0","0",".163","4969"
"Tim Beckham","Rays","16","43","48","7","4","0","1","2","4","6","2","0","9","1","2","0","1","2","1",".163","7949"
"Alexi Amarista","Padres","22","68","76","11","9","2","0","0","4","7","6","1","12","0","1","1","4","2","1",".162","9063"
"Chris Taylor","Mariners","20","63","68","10","8","1","1","0","5","1","5","0","19","0","0","0","0","2","2",".159","13757"
"Kristopher Negron","Reds","18","38","46","6","5","1","0","0","3","1","5","0","11","2","0","1","1","1","0",".158","5306"
"Justin Ruggiano","Dodgers","17","38","43","6","2","2","0","2","4","3","5","0","17","0","0","0","0","1","1",".158","7620"
"Yan Gomes","Indians","5","19","22","3","3","0","0","0","1","1","2","0","6","0","1","0","1","0","0",".158","9627"
"Matt Szczur","Cubs","10","19","19","3","2","1","0","0","2","4","0","0","7","0","0","0","0","0","0",".158","11255"
"Carlos Sanchez","White Sox","16","51","57","8","5","3","0","0","4","3","1","0","13","3","1","1","0","0","0",".157","11602"
"Roberto Perez","Indians","18","45","61","7","4","1","1","1","7","5","14","1","21","0","1","1","0","0","0",".156","2900"
"Mike Foltynewicz","Braves","6","13","14","2","1","1","0","0","0","3","0","0","9","0","1","0","0","0","0",".154","10811"
"Carlos Martinez","Cardinals","6","13","15","2","2","0","0","0","0","0","1","0","8","0","0","1","0","0","0",".154","11682"
"Carlos Corporan","Rangers","12","40","45","6","5","1","0","0","2","2","1","0","19","1","1","2","0","0","0",".150","5587"
"JR Murphy","Yankees","10","20","22","3","2","0","1","0","1","2","0","0","6","0","1","1","0","0","0",".150","10346"
"A.J. Pierzynski","Braves","17","62","66","9","6","3","0","0","5","3","2","0","10","2","0","0","1","0","0",".145","746"
"John Lackey","Cardinals","4","7","8","1","0","1","0","0","0","1","1","0","4","0","0","0","0","0","0",".143","1507"
"Chris Heisey","Dodgers","4","7","11","1","1","0","0","0","2","0","4","0","3","0","0","0","0","0","0",".143","3978"
"Stephen Drew","Yankees","26","91","96","13","8","4","0","1","4","5","5","0","18","0","0","0","1","0","0",".143","4251"
"Cole Hamels","Rangers","6","14","15","2","2","0","0","0","0","0","0","0","6","0","0","1","1","0","0",".143","4972"
"Robbie Grossman","Astros","8","14","15","2","1","1","0","0","1","0","1","0","4","0","0","0","0","0","0",".143","5254"
"Eric Campbell","Mets","12","35","41","5","3","2","0","0","4","2","5","0","13","1","0","0","2","0","1",".143","6938"
"James Shields","Padres","6","14","14","2","1","1","0","0","1","0","0","0","4","0","0","0","0","0","0",".143","7059"
"Ramon Flores","Mariners","2","7","7","1","1","0","0","0","0","0","0","0","0","0","0","0","0","0","0",".143","11165"
"Dixon Machado","Tigers","3","7","8","1","1","0","0","0","0","0","1","0","1","0","0","0","1","0","0",".143","11472"
"C.J. Cron","Angels","14","35","36","5","5","0","0","0","0","1","0","0","7","0","1","0","1","0","0",".143","12546"
"Rougned Odor","Rangers","8","22","22","3","2","0","1","0","2","1","0","0","9","0","0","0","0","0","1",".136","12282"
"Drew Butera","Royals","6","15","17","2","1","1","0","0","1","1","0","0","2","0","0","2","0","0","0",".133","3411"
"Chris Young","Yankees","25","53","56","7","4","2","0","1","4","2","3","1","16","0","0","0","1","0","0",".132","3882"
"A.J. Ellis","Dodgers","12","31","37","4","3","1","0","0","2","2","5","0","5","0","0","1","1","0","0",".129","5677"
"Jorge de la Rosa","Rockies","4","8","9","1","1","0","0","0","0","2","0","0","2","0","0","1","0","0","0",".125","2047"
"Lance Lynn","Cardinals","4","8","9","1","1","0","0","0","0","1","0","0","5","0","0","1","0","0","0",".125","2520"
"Jarrod Saltalamacchia","Diamondbacks","2","8","11","1","1","0","0","0","0","0","2","0","5","1","0","0","0","0","0",".125","5557"
"Jesus Sucre","Mariners","3","8","8","1","1","0","0","0","1","0","0","0","4","0","0","0","0","0","0",".125","5942"
"Mike Fiers","Astros","5","8","9","1","1","0","0","0","0","0","0","0","3","0","0","1","0","0","0",".125","7754"
"Brett Anderson","Dodgers","6","8","12","1","0","1","0","0","0","1","4","0","5","0","0","0","0","0","0",".125","8223"
"Chris Herrmann","Twins","7","24","25","3","2","0","0","1","3","2","1","0","7","0","0","0","0","0","0",".125","9284"
"Travis Wood","Cubs","5","8","8","1","1","0","0","0","0","1","0","0","4","0","0","0","0","0","0",".125","9884"
"Darrell Ceciliani","Mets","10","16","17","2","2","0","0","0","0","0","1","0","8","0","0","0","0","0","0",".125","9954"
"Anthony DeSclafani","Reds","5","8","9","1","1","0","0","0","0","1","0","0","3","0","1","0","0","0","0",".125","13050"
"Brennan Boesch","Reds","14","25","27","3","3","0","0","0","2","1","2","0","12","0","0","0","0","0","0",".120","914"
"Sam Fuld","Athletics","26","53","59","6","4","2","0","0","1","3","6","0","10","0","0","0","1","1","1",".113","8254"
"Jeff Locke","Pirates","6","9","10","1","1","0","0","0","0","0","0","0","6","0","0","1","0","0","0",".111","2929"
"Jordan Zimmermann","Nationals","5","9","11","1","0","1","0","0","0","0","0","0","1","0","0","2","0","0","0",".111","4505"
"David Phelps","Marlins","6","9","12","1","1","0","0","0","0","0","0","0","4","0","0","3","0","0","0",".111","6316"
"Andrew Cashner","Padres","4","9","9","1","1","0","0","0","0","0","0","0","2","0","0","0","0","0","0",".111","8782"
"Scooter Gennett","Brewers","11","36","36","4","3","0","0","1","1","2","0","0","7","0","0","0","4","0","0",".111","10339"
"Austin Hedges","Padres","9","18","20","2","2","0","0","0","1","2","0","0","7","0","1","1","0","0","0",".111","12976"
"Kyle Lohse","Brewers","7","10","11","1","1","0","0","0","0","0","0","0","4","0","0","1","1","0","0",".100","739"
"Matt Garza","Brewers","6","10","10","1","1","0","0","0","0","0","0","0","6","0","0","0","0","0","0",".100","3340"
"Kirk Nieuwenhuis","Mets","14","21","22","2","0","2","0","0","4","1","1","0","12","0","0","0","0","1","0",".095","6400"
"Jerome Williams","Phillies","7","11","12","1","1","0","0","0","0","0","1","0","3","0","0","0","0","0","0",".091","1137"
"Carlos Frias","Dodgers","6","11","12","1","1","0","0","0","0","0","1","0","7","0","0","0","0","0","0",".091","3547"
"Julio Teheran","Braves","6","11","12","1","1","0","0","0","0","2","0","0","0","0","0","1","0","0","0",".091","6797"
"Ian Kennedy","Padres","5","11","11","1","1","0","0","0","1","0","0","0","4","0","0","0","0","0","0",".091","6986"
"Pete Kozma","Cardinals","16","35","36","3","3","0","0","0","3","1","1","0","12","0","0","0","0","0","0",".086","2539"
"Aaron Harang","Phillies","6","12","14","1","0","1","0","0","0","0","0","0","6","0","0","2","1","0","0",".083","1451"
"Francisco Liriano","Pirates","5","12","14","1","1","0","0","0","0","0","0","0","2","0","0","2","0","0","0",".083","3201"
"Kyle Hendricks","Cubs","5","12","13","1","0","1","0","0","1","0","1","0","6","0","0","0","0","0","0",".083","12049"
"Welington Castillo","Diamondbacks","17","38","42","3","2","1","0","0","3","2","1","0","12","1","2","0","1","0","0",".079","3256"
"Rubby de la Rosa","Diamondbacks","6","13","15","1","1","0","0","0","1","1","0","0","4","0","0","2","0","0","0",".077","3862"
"Shelby Miller","Braves","5","13","15","1","0","1","0","0","1","0","0","0","6","0","0","2","0","0","0",".077","10197"
"Clayton Kershaw","Dodgers","5","14","16","1","1","0","0","0","1","1","1","0","3","0","0","1","1","0","0",".071","2036"
"Nick Franklin","Rays","11","29","33","2","1","1","0","0","3","0","4","0","7","0","0","0","1","0","0",".069","10166"
"Johnny Monell","Mets","12","16","17","1","0","1","0","0","1","2","1","0","4","0","0","0","4","0","0",".063","2783"
"Juan Centeno","Brewers","9","17","19","1","0","1","0","0","0","0","2","0","5","0","0","0","0","0","0",".059","7168"
"Zach Walters","Indians","7","17","17","1","1","0","0","0","0","1","0","0","8","0","0","0","0","0","0",".059","10622"
"Coco Crisp","Athletics","13","45","52","2","1","1","0","0","4","0","7","0","10","0","0","0","1","1","0",".044","1572"
"Randy Choate","Cardinals","1","0","1","0","0","0","0","0","0","0","1","0","0","0","0","0","0","0","0",".000","813"
"Alex Rios","Royals","1","4","4","0","0","0","0","0","0","0","0","0","0","0","0","0","0","0","0",".000","2090"
"Alfredo Simon","Tigers","1","2","2","0","0","0","0","0","0","0","0","0","1","0","0","0","0","0","0",".000","2155"
"Edward Easley","Cardinals","1","1","1","0","0","0","0","0","0","0","0","0","0","0","0","0","0","0","0",".000","2487"
"David Price","Blue Jays","1","3","3","0","0","0","0","0","0","0","0","0","2","0","0","0","0","0","0",".000","3184"
"Jean Machi","Red Sox","2","2","2","0","0","0","0","0","0","0","0","0","1","0","0","0","0","0","0",".000","3220"
"Ubaldo Jimenez","Orioles","2","2","2","0","0","0","0","0","0","0","0","0","0","0","0","0","0","0","0",".000","3374"
"Ricky Nolasco","Twins","1","3","3","0","0","0","0","0","0","0","0","0","3","0","0","0","0","0","0",".000","3830"
"Edinson Volquez","Royals","1","2","2","0","0","0","0","0","0","0","0","0","1","0","0","0","0","0","0",".000","3990"
"Yusmeiro Petit","Giants","3","3","4","0","0","0","0","0","0","0","0","0","1","0","0","1","0","0","0",".000","4020"
"Hector Santiago","Angels","1","1","1","0","0","0","0","0","0","0","0","0","1","0","0","0","0","0","0",".000","4026"
"Carlos Villanueva","Cardinals","2","1","2","0","0","0","0","0","0","0","0","0","1","0","0","1","0","0","0",".000","4138"
"Jonathan Diaz","Blue Jays","3","3","3","0","0","0","0","0","0","0","0","0","1","0","0","0","0","0","0",".000","4142"
"Jake Arrieta","Cubs","6","13","13","0","0","0","0","0","0","0","0","0","10","0","0","0","0","0","0",".000","4153"
"Jered Weaver","Angels","1","2","2","0","0","0","0","0","0","0","0","0","1","0","0","0","0","0","0",".000","4235"
"Charlie Morton","Pirates","2","4","5","0","0","0","0","0","0","1","0","0","0","0","0","1","0","0","0",".000","4676"
"Jon Lester","Cubs","6","15","15","0","0","0","0","0","0","0","0","0","8","0","0","0","0","0","0",".000","4930"
"Yohan Flande","Rockies","2","1","2","0","0","0","0","0","0","0","0","0","0","0","0","1","0","0","0",".000","5057"
"Andrew Lambo","Pirates","2","2","2","0","0","0","0","0","0","0","0","0","1","0","0","0","0","0","0",".000","5386"
"Hernan Perez","Brewers","14","19","20","0","0","0","0","0","0","0","1","0","8","0","0","0","2","0","0",".000","5751"
"Randall Delgado","Diamondbacks","1","1","1","0","0","0","0","0","0","0","0","0","1","0","0","0","0","0","0",".000","5985"
"Joe Wieland","Dodgers","1","1","2","0","0","0","0","0","0","0","0","0","1","0","0","1","0","0","0",".000","6109"
"Kyle Kendrick","Rockies","4","10","10","0","0","0","0","0","0","0","0","0","4","0","0","0","0","0","0",".000","6230"
"Jake Odorizzi","Rays","1","2","2","0","0","0","0","0","0","0","0","0","1","0","0","0","0","0","0",".000","6397"
"Tom Koehler","Marlins","7","10","13","0","0","0","0","0","0","0","0","0","6","0","0","3","1","0","0",".000","6570"
"Miguel Socolovich","Cardinals","1","1","1","0","0","0","0","0","0","0","0","0","0","0","0","0","0","0","0",".000","6697"
"Miguel Gonzalez","Orioles","1","1","1","0","0","0","0","0","0","0","0","0","0","0","0","0","0","0","0",".000","7024"
"Daniel Hudson","Diamondbacks","1","1","1","0","0","0","0","0","0","0","0","0","1","0","0","0","0","0","0",".000","7146"
"Gio Gonzalez","Nationals","6","8","14","0","0","0","0","0","0","0","0","0","5","2","0","4","0","0","0",".000","7448"
"Jordan Lyles","Rockies","5","7","7","0","0","0","0","0","0","0","0","0","5","0","0","0","0","0","0",".000","7593"
"Wily Peralta","Brewers","5","7","11","0","0","0","0","0","1","1","2","0","4","0","0","2","0","0","0",".000","7738"
"Hunter Strickland","Giants","1","1","1","0","0","0","0","0","0","0","0","0","1","0","0","0","0","0","0",".000","7836"
"Tyson Ross","Padres","5","10","10","0","0","0","0","0","0","0","0","0","2","0","0","0","0","0","0",".000","7872"
"Logan Schafer","Brewers","3","1","2","0","0","0","0","0","1","0","0","0","0","0","0","1","0","0","0",".000","7937"
"Jaime Garcia","Cardinals","2","4","4","0","0","0","0","0","0","0","0","0","3","0","0","0","0","0","0",".000","8137"
"Francisco Pena","Royals","1","1","1","0","0","0","0","0","0","0","0","0","1","0","0","0","0","0","0",".000","8298"
"Adam Warren","Yankees","1","3","3","0","0","0","0","0","0","0","0","0","1","0","0","0","0","0","0",".000","9029"
"Brad Hand","Marlins","1","2","2","0","0","0","0","0","0","0","0","0","2","0","0","0","0","0","0",".000","9111"
"Nathan Eovaldi","Yankees","1","2","2","0","0","0","0","0","0","0","0","0","1","0","0","0","0","0","0",".000","9132"
"Brandon Morrow","Padres","1","2","2","0","0","0","0","0","0","0","0","0","2","0","0","0","0","0","0",".000","9346"
"Bud Norris","Padres","1","2","2","0","0","0","0","0","0","0","0","0","0","0","0","0","0","0","0",".000","9492"
"Vidal Nuno","Mariners","2","5","5","0","0","0","0","0","0","0","0","0","0","0","0","0","0","0","0",".000","9674"
"David Hale","Rockies","1","3","3","0","0","0","0","0","0","0","0","0","0","0","0","0","0","0","0",".000","9756"
"Sergio Romo","Giants","1","1","1","0","0","0","0","0","0","0","0","0","1","0","0","0","0","0","0",".000","9817"
"Chris Rusin","Rockies","2","4","4","0","0","0","0","0","0","0","0","0","0","0","0","0","0","0","0",".000","9895"
"Tyler Matzek","Rockies","1","1","1","0","0","0","0","0","0","0","0","0","0","0","0","0","0","0","0",".000","10058"
"Stephen Strasburg","Nationals","3","3","5","0","0","0","0","0","0","0","0","0","1","0","0","2","0","0","0",".000","10131"
"Erasmo Ramirez","Rays","1","2","2","0","0","0","0","0","0","0","0","0","2","0","0","0","0","0","0",".000","10314"
"Addison Reed","Mets","1","1","1","0","0","0","0","0","0","0","0","0","0","0","0","0","0","0","0",".000","10586"
"Chad Bettis","Rockies","4","9","11","0","0","0","0","0","0","1","2","0","5","0","0","0","0","0","0",".000","10587"
"Chris Sale","White Sox","1","3","3","0","0","0","0","0","0","0","0","0","2","0","0","0","0","0","0",".000","10603"
"Adam Liberatore","Dodgers","1","1","1","0","0","0","0","0","0","0","0","0","1","0","0","0","0","0","0",".000","10637"
"Shane Greene","Tigers","1","2","2","0","0","0","0","0","0","0","0","0","2","0","0","0","0","0","0",".000","10756"
"Christian Bergman","Rockies","1","1","1","0","0","0","0","0","0","0","0","0","0","0","0","0","0","0","0",".000","10925"
"Mike Bolsinger","Dodgers","4","10","10","0","0","0","0","0","0","0","0","0","4","0","0","0","0","0","0",".000","11137"
"Tyler Lyons","Cardinals","3","4","4","0","0","0","0","0","0","0","0","0","1","0","0","0","0","0","0",".000","11334"
"Tyler Holt","Reds","2","3","4","0","0","0","0","0","0","0","1","0","2","0","0","0","0","0","0",".000","11391"
"Jose Quintana","White Sox","1","2","3","0","0","0","0","0","0","0","0","0","0","0","0","1","0","0","0",".000","11423"
"A.J. Cole","Nationals","1","1","1","0","0","0","0","0","0","0","0","0","0","0","0","0","0","0","0",".000","11467"
"Robbie Ray","Diamondbacks","1","2","3","0","0","0","0","0","0","0","0","0","1","0","0","1","0","0","0",".000","11486"
"Jose Urena","Marlins","1","2","2","0","0","0","0","0","0","0","0","0","1","0","0","0","0","0","0",".000","11589"
"Matt Harvey","Mets","6","11","12","0","0","0","0","0","0","0","0","0","6","0","0","1","1","0","0",".000","11713"
"Yordano Ventura","Royals","1","3","3","0","0","0","0","0","0","0","0","0","2","0","0","0","0","0","0",".000","11855"
"Orlando Calixte","Royals","1","1","1","0","0","0","0","0","0","0","0","0","0","0","0","0","0","0","0",".000","11905"
"Travis Shaw","Red Sox","1","2","3","0","0","0","0","0","0","0","1","0","0","0","0","0","0","0","0",".000","11982"
"Cody Martin","Athletics","1","0","1","0","0","0","0","0","0","0","0","0","0","0","0","1","0","0","0",".000","12182"
"Seth Maness","Cardinals","2","2","2","0","0","0","0","0","0","0","0","0","1","0","0","0","0","0","0",".000","12235"
"Blake Treinen","Nationals","2","0","2","0","0","0","0","0","0","0","0","0","0","0","0","2","0","0","0",".000","12572"
"Taylor Featherston","Angels","18","21","21","0","0","0","0","0","3","0","0","0","11","0","0","0","0","1","0",".000","12590"
"Tyler Wilson","Orioles","1","0","1","0","0","0","0","0","0","0","0","0","0","0","0","1","0","0","0",".000","12691"
"Dalton Pompey","Blue Jays","1","4","4","0","0","0","0","0","0","0","0","0","2","0","0","0","0","0","0",".000","12797"
"Carter Capps","Marlins","1","1","1","0","0","0","0","0","0","0","0","0","1","0","0","0","0","0","0",".000","12803"
"Jackie Bradley Jr.","Red Sox","6","11","13","0","0","0","0","0","0","0","2","0","4","0","0","0","0","0","0",".000","12984"
"Andrew Chafin","Diamondbacks","1","1","1","0","0","0","0","0","0","0","0","0","0","0","0","0","0","0","0",".000","12988"
"Tsuyoshi Wada","Cubs","3","5","6","0","0","0","0","0","1","0","1","0","2","0","0","0","0","0","0",".000","13046"
"Eddie Butler","Rockies","5","8","9","0","0","0","0","0","0","0","0","0","5","0","0","1","0","0","0",".000","13453"
"Adonis Garcia","Braves","2","1","2","0","0","0","0","0","0","0","1","0","1","0","0","0","0","0","0",".000","13777"
"Tyler Wagner","Brewers","1","1","1","0","0","0","0","0","0","0","0","0","1","0","0","0","0","0","0",".000","13796"
"Severino Gonzalez","Phillies","3","5","6","0","0","0","0","0","1","0","1","0","3","0","0","0","0","0","0",".000","14697"
"Michael Lorenzen","Reds","5","8","9","0","0","0","0","0","1","0","0","0","3","0","0","1","0","0","0",".000","14843"
"Odrisamer Despaigne","Padres","3","6","7","0","0","0","0","0","0","0","0","0","4","0","0","1","0","0","0",".000","16017"
"Raisel Iglesias","Reds","2","5","5","0","0","0","0","0","0","0","0","0","4","0","0","0","0","0","0",".000","17130"
